keystonecadaver,"Estate Home: Offer Asking and Negotiate After Inspection, or Go Low Initially?",https://reddit.com/r/RealEstate/comments/1ngtirm/estate_home_offer_asking_and_negotiate_after/,RealEstate,2025-09-14T15:01:40.000Z
ptp213,Home Appraised at Wrong Acreage,https://reddit.com/r/RealEstate/comments/1ngtak1/home_appraised_at_wrong_acreage/,RealEstate,2025-09-14T14:52:31.000Z
Glass_Gate_7224,Who is responsible?,https://reddit.com/r/RealEstate/comments/1ng9z1r/who_is_responsible/,RealEstate,2025-09-13T21:59:04.000Z
Beatlepoint,[NYC] Any way to buy a co-op for my mom?,https://reddit.com/r/RealEstate/comments/1ng8l1b/nyc_any_way_to_buy_a_coop_for_my_mom/,RealEstate,2025-09-13T20:58:09.000Z
Powerful-Ad198,What’s our outcome,https://reddit.com/r/FirstTimeHomeBuyer/comments/1nh33gy/whats_our_outcome/,FirstTimeHomeBuyer,2025-09-14T21:13:41.000Z
jimbotheguy1122,Peeling / Spotting basement Paint,https://reddit.com/r/FirstTimeHomeBuyer/comments/1nh2icc/peeling_spotting_basement_paint/,FirstTimeHomeBuyer,2025-09-14T20:50:11.000Z
Warm_Window4561,Looking at buying a house with a 203k?,https://reddit.com/r/FirstTimeHomeBuyer/comments/1ngypfp/looking_at_buying_a_house_with_a_203k/,FirstTimeHomeBuyer,2025-09-14T18:22:25.000Z
dizzy_miss_izzy,Anti-horror stories please!,https://reddit.com/r/FirstTimeHomeBuyer/comments/1ngxw0a/antihorror_stories_please/,FirstTimeHomeBuyer,2025-09-14T17:50:42.000Z
Reezy_95,Start process with builder?,https://reddit.com/r/FirstTimeHomeBuyer/comments/1ngx0a2/start_process_with_builder/,FirstTimeHomeBuyer,2025-09-14T17:16:48.000Z
No_Shower_1702,All cash purchase advise,https://reddit.com/r/FirstTimeHomeBuyer/comments/1ngsj24/all_cash_purchase_advise/,FirstTimeHomeBuyer,2025-09-14T14:20:34.000Z
zamzamz,would you buy a house across the street from a boarding school for troubled youth?,https://reddit.com/r/FirstTimeHomeBuyer/comments/1ngjbzq/would_you_buy_a_house_across_the_street_from_a/,FirstTimeHomeBuyer,2025-09-14T05:56:55.000Z
ricecake_nicecake,I need someone to help prioritize several home maintenance and repair projects. Is there such a person?,https://reddit.com/r/homeowners/comments/1ngxi1c/i_need_someone_to_help_prioritize_several_home/,homeowners,2025-09-14T17:35:39.000Z
allenda93,Selling my house to get a nicer newer one a good idea?,https://reddit.com/r/homeowners/comments/1ngu25m/selling_my_house_to_get_a_nicer_newer_one_a_good/,homeowners,2025-09-14T15:23:05.000Z
Alwaysautopick,Mortgage Refi info - Need some thoughts/advice.,https://reddit.com/r/Mortgages/comments/1nh3nei/mortgage_refi_info_need_some_thoughtsadvice/,Mortgages,2025-09-14T21:35:52.000Z
Ajr2183,"Locked rate over a month ago at 6.125% paying $2.8k, can I do anything?",https://reddit.com/r/Mortgages/comments/1ngvttq/locked_rate_over_a_month_ago_at_6125_paying_28k/,Mortgages,2025-09-14T16:31:44.000Z
RednarNimbus5000,Am I Ready to Buy? Or Am I Rushing This?,https://reddit.com/r/Mortgages/comments/1nguavf/am_i_ready_to_buy_or_am_i_rushing_this/,Mortgages,2025-09-14T15:32:37.000Z
tmountain1,Stay or Keep Looking - $825k 5% down 6.125% 1/0 Buydown,https://reddit.com/r/Mortgages/comments/1ngtpmf/stay_or_keep_looking_825k_5_down_6125_10_buydown/,Mortgages,2025-09-14T15:09:22.000Z
justannp,Lock Rate or Wait?,https://reddit.com/r/Mortgages/comments/1ngsz8p/lock_rate_or_wait/,Mortgages,2025-09-14T14:39:20.000Z
Competitive_Border63,What’s your thoughts? I’m conflicted….,https://reddit.com/r/Mortgages/comments/1ngs7gn/whats_your_thoughts_im_conflicted/,Mortgages,2025-09-14T14:06:54.000Z
rn3407,"Unlimited, fully paid for refinancing options after 6 months. Too good to be true?",https://reddit.com/r/Mortgages/comments/1ngr0zo/unlimited_fully_paid_for_refinancing_options/,Mortgages,2025-09-14T13:15:20.000Z
Optimal-Phrase-7976,"6.99% to 5.99% with $16,700 closing costs worth it?",https://reddit.com/r/Mortgages/comments/1ngipvj/699_to_599_with_16700_closing_costs_worth_it/,Mortgages,2025-09-14T05:19:28.000Z
Acceptable_Celery340,"Buying new house, then selling current one",https://reddit.com/r/Mortgages/comments/1ngfw3c/buying_new_house_then_selling_current_one/,Mortgages,2025-09-14T02:43:12.000Z
lovelostt26,"Locked at 6.25% 2 weeks ago,",https://reddit.com/r/Mortgages/comments/1ng9hvd/locked_at_625_2_weeks_ago/,Mortgages,2025-09-13T21:38:07.000Z
Working_Can_9086,"I want to get start investing, where should I begin?",https://reddit.com/r/personalfinance/comments/1nh2lk9/i_want_to_get_start_investing_where_should_i_begin/,personalfinance,2025-09-14T20:53:45.000Z
Quiet-Choice2746,Car refinancing & upside down,https://reddit.com/r/personalfinance/comments/1nh1blx/car_refinancing_upside_down/,personalfinance,2025-09-14T20:03:50.000Z
midgetsj,Stuck between buying a house and keeping investments.,https://reddit.com/r/personalfinance/comments/1ngy3ah/stuck_between_buying_a_house_and_keeping/,personalfinance,2025-09-14T17:58:35.000Z
ThrowawayAccount8530,Holding off Retirement for Down Payment Savings,https://reddit.com/r/personalfinance/comments/1ngwysu/holding_off_retirement_for_down_payment_savings/,personalfinance,2025-09-14T17:15:10.000Z
seriousgainz,Selling VTSAX out of taxable brokerage - Bad Idea?,https://reddit.com/r/personalfinance/comments/1ngu8rf/selling_vtsax_out_of_taxable_brokerage_bad_idea/,personalfinance,2025-09-14T15:30:19.000Z
Amorjazz,Getting out of extensive credit card debt,https://reddit.com/r/personalfinance/comments/1ngq1lm/getting_out_of_extensive_credit_card_debt/,personalfinance,2025-09-14T12:29:01.000Z
citrusfruitt,Opening a Lifetime ISA,https://reddit.com/r/personalfinance/comments/1ngp8ez/opening_a_lifetime_isa/,personalfinance,2025-09-14T11:47:58.000Z
LasciatemiCantare,How would you invest 50k?,https://reddit.com/r/personalfinance/comments/1ngoxfc/how_would_you_invest_50k/,personalfinance,2025-09-14T11:31:57.000Z
PurpleFruitPastilles,Smaller vs larger apartments,https://reddit.com/r/AusPropertyChat/comments/1nh35zw/smaller_vs_larger_apartments/,AusPropertyChat,2025-09-14T21:16:25.000Z
RogerKilljoy83,"Buying a mountain top property, looking to maximise budget.",https://reddit.com/r/AusPropertyChat/comments/1ngmqv9/buying_a_mountain_top_property_looking_to/,AusPropertyChat,2025-09-14T09:23:41.000Z
Little-Outcome-2418,What’s the smartest play here?,https://reddit.com/r/AusPropertyChat/comments/1nglbt5/whats_the_smartest_play_here/,AusPropertyChat,2025-09-14T07:56:11.000Z
pistol_pete80,Upgrading my family home,https://reddit.com/r/AusPropertyChat/comments/1nggx8m/upgrading_my_family_home/,AusPropertyChat,2025-09-14T03:37:59.000Z
Allu_Squattinen,All in One Investment Houses: Lazy Tax and Sales Commissions or Scam?,https://reddit.com/r/AusPropertyChat/comments/1ngev6s/all_in_one_investment_houses_lazy_tax_and_sales/,AusPropertyChat,2025-09-14T01:50:17.000Z
Newieguy46,Defects - Developer (Vendor) or builder?,https://reddit.com/r/AusPropertyChat/comments/1ngcdq8/defects_developer_vendor_or_builder/,AusPropertyChat,2025-09-13T23:47:36.000Z
Famous_Guide_4013,Buyer Agent Fees,https://reddit.com/r/BayAreaRealEstate/comments/1nh1820/buyer_agent_fees/,BayAreaRealEstate,2025-09-14T20:00:18.000Z
gasman4life,Psychology of Buying in the Bay Area?  After YEARS I Still Don't See a Path,https://reddit.com/r/BayAreaRealEstate/comments/1ngxcuv/psychology_of_buying_in_the_bay_area_after_years/,BayAreaRealEstate,2025-09-14T17:30:09.000Z
Over-Power-8733,Remodelling So Far,https://reddit.com/r/BayAreaRealEstate/comments/1nguw0s/remodelling_so_far/,BayAreaRealEstate,2025-09-14T15:55:43.000Z
legend5566,"Are ""Coming Soon"" MLS listings (not on Zillow yet) actually worth pursuing?",https://reddit.com/r/BayAreaRealEstate/comments/1ngho64/are_coming_soon_mls_listings_not_on_zillow_yet/,BayAreaRealEstate,2025-09-14T04:18:53.000Z
worried_etng,FTHB CalFHA loan. The closing costs are at 40k with just origination fees and other fees. Nothing of point buy down. Does this look right?,https://reddit.com/r/BayAreaRealEstate/comments/1nfucx0/fthb_calfha_loan_the_closing_costs_are_at_40k/,BayAreaRealEstate,2025-09-13T10:43:33.000Z
L1DAR_FTW,Garage ADU Contractor Recommendations?,https://reddit.com/r/BayAreaRealEstate/comments/1nen94u/garage_adu_contractor_recommendations/,BayAreaRealEstate,2025-09-11T22:58:43.000Z
IGB_Lo,How much do you really gain/profit from home ownership?,https://reddit.com/r/BayAreaRealEstate/comments/1ncwyw6/how_much_do_you_really_gainprofit_from_home/,BayAreaRealEstate,2025-09-09T22:19:58.000Z
arjun_sam,Need advice on buying house in cash,https://reddit.com/r/TorontoRealEstate/comments/1ngaw41/need_advice_on_buying_house_in_cash/,TorontoRealEstate,2025-09-13T22:39:17.000Z
NoodleBea583,"Looking to buy a condo, but don’t know a clue about Toronto. Where should I avoid?",https://reddit.com/r/TorontoRealEstate/comments/1nfxl5h/looking_to_buy_a_condo_but_dont_know_a_clue_about/,TorontoRealEstate,2025-09-13T13:31:34.000Z
nomadwannabe,"Want to wait a bit, but feeling pressure from Realtors.",https://reddit.com/r/TorontoRealEstate/comments/1ne9pko/want_to_wait_a_bit_but_feeling_pressure_from/,TorontoRealEstate,2025-09-11T14:05:18.000Z
Unhappy_Bug_5277,Will GTA semi/detached houses under $950K drop more?,https://reddit.com/r/TorontoRealEstate/comments/1ne4zqb/will_gta_semidetached_houses_under_950k_drop_more/,TorontoRealEstate,2025-09-11T10:15:54.000Z
